"Unnamed: 0.1","Unnamed: 0","ortho","word","phono","freq","len","pron","phlen"
"0","0","de","de","d°","38928.92","2","d°","2"
"2","2","la","la","la","23633.92","2","la","2"
"1","1","la","la","la","23633.92","2","la","2"
""3","3","et","et","e","20879.73","2","e","1"
"4","4","a","a","a","19209.05","1","a","1"
"5","5","a","a","a","19209.05","1","a","1"
"6","6","il","il","il","15832.09","2","il","2"
"7","7","les","les","le","14662.3","3","le","2"
"8","8","ne","ne","n°","13841.89","2","n°","2"
"9","9","je","je","Z°","10862.77","2","Z°","2"
"10","10","des","des","de","10624.93","3","de","2"
"16004","16004","cé","cé","se","10000.0","2","se","2"
"16008","16008","fé","fé","fe","10000.0","2","fe","2"
"16007","16007","dè","dè","de","10000.0","2","de","2"
"16006","16006","dé","dé","de","10000.0","2","de","2"
"16005","16005","cè","cè","se","10000.0","2","se","2"
"16000","16000","ve","ve","v2","10000.0","2","v2","2"
"16003","16003","bè","bè","be","10000.0","2","be","2"
"16002","16002","bé","bé","be","10000.0","2","be","2"
"16001","16001","ze","ze","z2","10000.0","2","z2","2"
"16010","16010","jé","jé","Ze","10000.0","2","Ze","2"
"16009","16009","fè","fè","fe","10000.0","2","fe","2"
"16016","16016","né","né","ne","10000.0","2","ne","2"
"16011","16011","jè","jè","Ze","10000.0","2","Ze","2"
"16012","16012","lé","lé","le","10000.0","2","le","2"
"16013","16013","lè","lè","le","10000.0","2","le","2"
"16014","16014","mé","mé","me","10000.0","2","me","2"
"16015","16015","mè","mè","me","10000.0","2","me","2"
"15998","15998","se","se","s2","10000.0","2","s2","2"
"16017","16017","nè","nè","ne","10000.0","2","ne","2"
"16018","16018","pé","pé","pe","10000.0","2","pe","2"
"16019","16019","pè","pè","pe","10000.0","2","pe","2"
"16020","16020","ré","ré","Re","10000.0","2","Re","2"
"16021","16021","rè","rè","Re","10000.0","2","Re","2"
"15999","15999","te","te","t2","10000.0","2","t2","2"
"15993","15993","le","le","l2","10000.0","2","l2","2"
"15997","15997","re","re","R2","10000.0","2","R2","2"
"15984","15984","sa","sa","sa","10000.0","2","sa","2"
"15974","15974","ca","ca","ka","10000.0","2","ka","2"
"15975","15975","da","da","da","10000.0","2","da","2"
"15976","15976","fa","fa","fa","10000.0","2","fa","2"
"15977","15977","ga","ga","ga","10000.0","2","ga","2"
"15978","15978","ja","ja","Za","10000.0","2","Za","2"
"15979","15979","la","la","la","10000.0","2","la","2"
"15980","15980","ma","ma","ma","10000.0","2","ma","2"
"15981","15981","na","na","na","10000.0","2","na","2"
"15982","15982","pa","pa","pa","10000.0","2","pa","2"
"15983","15983","ra","ra","Ra","10000.0","2","Ra","2"
"15985","15985","ta","ta","ta","10000.0","2","ta","2"
"15996","15996","pe","pe","p2","10000.0","2","p2","2"
"15986","15986","va","va","va","10000.0","2","va","2"
"15987","15987","za","za","za","10000.0","2","za","2"
"15988","15988","be","be","b2","10000.0","2","b2","2"
"15989","15989","ce","ce","s2","10000.0","2","s2","2"
"15990","15990","de","de","d2","10000.0","2","d2","2"
"15991","15991","fe","fe","f2","10000.0","2","f2","2"
"15992","15992","je","je","Z2","10000.0","2","Z2","2"
"16023","16023","sè","sè","se","10000.0","2","se","2"
"15994","15994","me","me","m2","10000.0","2","m2","2"
"15995","15995","ne","ne","n2","10000.0","2","n2","2"
"16022","16022","sé","sé","se","10000.0","2","se","2"
"16028","16028","zé","zé","ze","10000.0","2","ze","2"
"16024","16024","té","té","te","10000.0","2","te","2"
"16062","16062","du","du","dy","10000.0","2","dy","2"
"16052","16052","mo","mo","mo","10000.0","2","mo","2"
"16053","16053","no","no","no","10000.0","2","no","2"
"16054","16054","po","po","po","10000.0","2","po","2"
"16055","16055","ro","ro","Ro","10000.0","2","Ro","2"
"16056","16056","so","so","so","10000.0","2","so","2"
"16057","16057","to","to","to","10000.0","2","to","2"
"16058","16058","vo","vo","vo","10000.0","2","vo","2"
"16059","16059","zo","zo","zo","10000.0","2","zo","2"
"16060","16060","bu","bu","by","10000.0","2","by","2"
"16061","16061","cu","cu","ky","10000.0","2","ky","2"
"16063","16063","fu","fu","fy","10000.0","2","fy","2"
"16025","16025","tè","tè","te","10000.0","2","te","2"
"16064","16064","gu","gu","gy","10000.0","2","gy","2"
"16065","16065","ju","ju","Zy","10000.0","2","Zy","2"
"16066","16066","lu","lu","ly","10000.0","2","ly","2"
"16067","16067","mu","mu","my","10000.0","2","my","2"
"16068","16068","nu","nu","ny","10000.0","2","ny","2"
"16069","16069","pu","pu","py","10000.0","2","py","2"
"16070","16070","su","su","sy","10000.0","2","sy","2"
"16071","16071","ru","ru","Ry","10000.0","2","Ry","2"
"16072","16072","tu","tu","ty","10000.0","2","ty","2"
"16073","16073","vu","vu","vy","10000.0","2","vy","2"
"16051","16051","lo","lo","lo","10000.0","2","lo","2"
"16050","16050","jo","jo","Zo","10000.0","2","Zo","2"
"16049","16049","go","go","go","10000.0","2","go","2"
"16048","16048","faux","fo","fo","10000.0","2","fo","2"
"16026","16026","vé","vé","ve","10000.0","2","ve","2"
"16027","16027","vè","vè","ve","10000.0","2","ve","2"
"16029","16029","zè","zè","ze","10000.0","2","ze","2"
"16030","16030","bi","bi","bi","10000.0","2","bi","2"
"16031","16031","ci","ci","si","10000.0","2","si","2"
"16032","16032","di","di","di","10000.0","2","di","2"
"16033","16033","fi","fi","fi","10000.0","2","fi","2"
"16034","16034","gi","gi","Zi","10000.0","2","Zi","2"
"16035","16035","ji","ji","ji","10000.0","2","ii","2"
"16036","16036","li","li","li","10000.0","2","li","2"
"16037","16037","mi","mi","mi","10000.0","2","mi","2"
"16038","16038","ni","ni","ni","10000.0","2","ni","2"
"16039","16039","pi","pi","pi","10000.0","2","pi","2"
"16040","16040","ri","ri","Ri","10000.0","2","Ri","2"
"16041","16041","si","si","si","10000.0","2","si","2"
"16042","16042","ti","ti","ti","10000.0","2","ti","2"
"16043","16043","vi","vi","vi","10000.0","2","vi","2"
"16044","16044","zi","zi","zi","10000.0","2","zi","2"
"16045","16045","bo","bo","bo","10000.0","2","bo","2"
"16046","16046","co","co","ko","10000.0","2","ko","2"
"16047","16047","do","do","do","10000.0","2","do","2"
"15973","15973","ba","ba","ba","10000.0","2","ba","2"
"16074","16074","zu","zu","zy","10000.0","2","zy","2"
"11","11","u-ne","une","y-n°","9587.97","3","yn°","3"
"12","12","pas","pas","pa","8795.14","3","pa","2"
"13","13","en","en","@","8732.57","2","@","1"
"14","14","dans","dans","d@","8296.08","4","d@","2"
"15","15","qui","qui","ki","7923.24","3","ki","2"
"16","16","e-lle","elle","e-l°","6991.49","4","el°","3"
"17","17","du","du","dy","6882.16","2","dy","2"
"18","18","se","se","s°","6587.77","2","s°","2"
"19","19","ê-tre","être","e-tR°","6501.82","4","etR°","4"
"20","20","a-voir","avoir","a-vwaR","6426.49","5","avwaR","5"
"21","21","pour","pour","puR","6198.24","4","puR","3"
"22","22","fai-re","faire","fe-R°","5328.99","5","feR°","4"
"23","23","au","au","o","5322.5","2","o","1"
"24","24","sur","sur","syR","5320.47","3","syR","3"
"25","25","sur","sur","syR","5320.47","3","syR","3"
"26","26","plus","plus","ply","5014.53","4","ply","3"
"27","27","on","on","&","4838.38","2","&","1"
"28","28","di-re","dire","di-R°","4832.5","4","diR°","4"
"29","29","mais","mais","me","4463.72","4","me","2"
"30","30","me","me","m°","4264.32","2","m°","2"
"31","31","lui","lui","l8i","4225.14","3","lyi","3"
"32","32","a-vec","avec","a-vek","4000.41","4","avek","4"
"33","33","nous","nous","nu","3867.84","4","nu","2"
"34","34","sa","sa","sa","3732.43","2","sa","2"
"35","35","par","par","paR","3727.09","3","paR","3"
"36","36","vous","vous","vu","3507.16","4","vu","2"
"37","37","que","que","k°","3315.95","3","k°","2"
"38","38","ses","ses","se","3105.41","3","se","2"
"39","39","y","y","i","3086.76","1","i","1"
"40","40","ce","ce","s°","2958.58","2","s°","2"
"41","41","ils","ils","il","2809.53","3","il","2"
"42","42","pou-voir","pouvoir","pu-vwaR","2659.8","7","puvwaR","6"
"43","43","ou","ou","u","2429.86","2","u","1"
"44","44","le","le","l°","2424.19","2","l°","2"
"45","45","voir","voir","vwaR","2401.76","4","vwaR","4"
"46","46","ce-tte","cette","se-t°","2320.68","5","set°","4"
"47","47","mon","mon","m&","2307.97","3","m&","2"
"48","48","sans","sans","s@","2224.12","4","s@","2"
"49","49","ou","ou","u","2068.11","2","u","1"
"50","50","ou","ou","u","2068.11","2","u","1"
"51","51","aux","aux","o","1907.57","3","o","1"
"52","52","ma","ma","ma","1667.16","2","ma","2"
"53","53","en-co-re","encore","@-ko-R°","1579.05","6","@koR°","5"
"54","54","deux","deux","d2","1557.91","4","d2","2"
"55","55","ces","ces","se","1547.5","3","se","2"
"56","56","ve-nir","venir","v°-niR","1514.53","5","v°niR","5"
"57","57","quand","quand","k@","1480.07","5","k@","2"
"58","58","pren-dre","prendre","pR@-dR°","1466.42","7","pR@dR°","6"
"59","59","ho-mme","homme","o-m°","1398.85","5","om°","3"
"60","60","au-ssi","aussi","o-si","1359.86","5","osi","3"
"61","61","jour","jour","ZuR","1341.76","4","ZuR","3"
"62","62","temps","temps","t@","1289.39","5","t@","2"
"63","63","fa-lloir","falloir","fa-lwaR","1250.41","7","falwaR","6"
"64","64","oeil","oeil","2j","1234.59","4","2j","2"
"65","65","main","main","m5","1229.39","4","m5","2"
"66","66","pa-sser","passer","pa-se","1165.27","6","pase","4"
"67","67","fois","fois","fwa","1140.0","4","fwa","3"
"68","68","ja-mais","jamais","Za-me","1122.97","6","Zame","4"
"69","69","très","très","tRe","1120.81","4","tRe","3"
"70","70","tou-jours","toujours","tu-ZuR","1093.78","8","tuZuR","5"
"71","71","me-ttre","mettre","me-tR°","1083.72","6","metR°","5"
"72","72","cho-se","chose","So-z°","1057.64","5","Soz°","4"
"73","73","a-lors","alors","a-loR","1033.78","5","aloR","4"
"74","74","sous","sous","su","1032.7","4","su","2"
"75","75","mes","mes","me","1023.11","3","me","2"
"76","76","re-gar-der","regarder","R°-gaR-de","997.91","8","R°gaRde","7"
"77","77","fe-mme","femme","fa-m°","995.74","5","fam°","4"
"78","78","de-man-der","demander","d°-m@-de","984.46","8","d°m@de","6"
"79","79","trou-ver","trouver","tRu-ve","972.5","7","tRuve","5"
"80","80","dont","dont","d&","960.34","4","d&","2"
"81","81","vers","vers","veR","956.15","4","veR","3"
"82","82","sui-vre","suivre","s8i-vR°","949.12","6","syivR°","6"
"83","83","croi-re","croire","kRwa-R°","947.23","6","kRwaR°","6"
"84","84","si","si","si","933.99","2","si","2"
"85","85","heu-re","heure","2-R°","924.05","5","2R°","3"
"86","86","tê-te","tête","te-t°","923.45","4","tet°","4"
"87","87","seul","seul","s2l","915.27","4","s2l","3"
"88","88","do-nner","donner","do-ne","896.01","6","done","4"
"89","89","pen-ser","penser","p@-se","869.8","6","p@se","4"
"90","90","vie","vie","vi","853.31","3","vi","2"
"91","91","lai-sser","laisser","le-se","851.55","7","lese","4"
"92","92","tout","tout","tu","838.04","4","tu","2"
"93","93","coup","coup","ku","837.7","4","ku","2"
"94","94","puis","puis","p8i","836.42","4","pyi","3"
"95","95","en-tre","entre","@-tR°","833.99","5","@tR°","4"
"96","96","a-près","après","a-pRe","821.55","5","apRe","4"
"97","97","mê-me","même","me-m°","804.8","4","mem°","4"
"98","98","ai-mer","aimer","e-me","795.61","5","eme","3"
"99","99","res-ter","rester","Res-te","793.78","6","Reste","5"
"100","100","trop","trop","tRo","790.0","4","tRo","3"
"101","101","bon","bon","b&","789.66","3","b&","2"
"102","102","te","te","t°","774.32","2","t°","2"
"103","103","mè-re","mère","me-R°","761.28","4","meR°","4"
"104","104","ce-la","cela","s°-la","741.82","4","s°la","4"
"105","105","mon-de","monde","m&-d°","741.35","5","m&d°","4"
"106","106","te-nir","tenir","t°-niR","741.22","5","t°niR","5"
"107","107","nuit","nuit","n8i","738.24","4","nyi","3"
"108","108","quel-ques","quelques","kel-k°","732.57","8","kelk°","5"
"109","109","en-fant","enfant","@-f@","725.68","6","@f@","3"
"110","110","pè-re","père","pe-R°","723.51","4","peR°","4"
"111","111","a-rri-ver","arriver","a-Ri-ve","723.04","7","aRive","5"
"112","112","en-ten-dre","entendre","@-t@-dR°","719.12","8","@t@dR°","6"
"113","113","sen-tir","sentir","s@-tiR","718.78","6","s@tiR","5"
"114","114","moins","moins","mw5","718.18","5","mw5","3"
"115","115","a-tten-dre","attendre","a-t@-dR°","706.69","8","at@dR°","6"
"116","116","dé-ja","déja","de-Za","702.23","4","deZa","4"
"117","117","air","air","eR","690.81","3","eR","2"
"118","118","mo-ment","moment","mo-m@","688.24","6","mom@","4"
"119","119","an","an","@","685.81","2","@","1"
"120","120","no-tre","notre","no-tR°","680.68","5","notR°","5"
"121","121","no-tre","notre","no-tR°","680.68","5","notR°","5"
"122","122","chez","chez","Se","680.54","4","Se","2"
"123","123","pre-mier","premier","pR2-mje","672.57","7","pR2mie","6"
"124","124","ni","ni","ni","662.36","2","ni","2"
"125","125","trois","trois","tRwa","660.34","5","tRwa","4"
"126","126","oui","oui","wi","637.57","3","wi","2"
"127","127","co-nnaî-tre","connaître","ko-ne-tR°","629.26","9","konetR°","7"
"128","128","sor-tir","sortir","soR-tiR","627.57","6","soRtiR","6"
"129","129","beau","beau","bo","620.07","4","bo","2"
"130","130","por-te","porte","poR-t°","617.43","5","poRt°","5"
"131","131","com-pren-dre","comprendre","k&-pR@-dR°","614.8","10","k&pR@dR°","8"
"132","132","voix","voix","vwa","612.7","4","vwa","3"
"133","133","e-lles","elles","e-l°","605.14","5","el°","3"
"134","134","f-ille","fille","fi-j°","592.23","5","fij°","4"
"135","135","con-tre","contre","k&-tR°","591.15","6","k&tR°","5"
"136","136","nos","nos","no","579.19","3","no","2"
"137","137","mai-son","maison","me-z&","575.34","6","mez&","4"
"138","138","a-vant","avant","a-v@","574.32","5","av@","3"
"139","139","sem-bler","sembler","s@-ble","572.84","7","s@ble","5"
"140","140","jeu-ne","jeune","Z2-n°","569.19","5","Z2n°","4"
"141","141","jeu-ne","jeune","Z2-n°","569.19","5","Z2n°","4"
"142","142","co-té","coté","ko-te","566.49","4","kote","4"
"143","143","co-té","coté","ko-te","566.49","4","kote","4"
"144","144","vi-sa-ge","visage","vi-za-Z°","565.0","6","vizaZ°","6"
"145","145","peu","peu","p2","563.58","3","p2","2"
"146","146","rue","rue","Ry","562.97","3","Ry","2"
"147","147","soir","soir","swaR","562.64","4","swaR","4"
"148","148","quel-que","quelque","kel-k°","557.77","7","kelk°","5"
"149","149","mot","mot","mo","553.78","3","mo","2"
"150","150","de-puis","depuis","d°-p8i","542.64","6","d°pyi","5"
"151","151","de-ve-nir","devenir","d°-v°-niR","533.51","7","d°v°niR","7"
"152","152","vieux","vieux","vj2","512.91","5","vi2","3"
"153","153","eux","eux","2","504.26","3","2","1"
"154","154","cet","cet","set","497.5","3","set","3"
"155","155","main-te-nant","maintenant","m5-t°-n@","496.76","10","m5t°n@","6"
"156","156","ou-vrir","ouvrir","u-vRiR","492.5","6","uvRiR","5"
"157","157","re-ve-nir","revenir","R°-v°-niR","490.54","7","R°v°niR","7"
"158","158","bras","bras","bRa","487.97","4","bRa","3"
"159","159","pied","pied","pje","486.42","4","pie","3"
"160","160","cha-que","chaque","Sa-k°","486.35","6","Sak°","4"
"161","161","par-tir","partir","paR-tiR","485.68","6","paRtiR","6"
"162","162","i-ci","ici","i-si","483.58","3","isi","3"
"163","163","noir","noir","nwaR","482.23","4","nwaR","4"
"164","164","corps","corps","koR","480.34","5","koR","3"
"165","165","por-ter","porter","poR-te","474.93","6","poRte","5"
"166","166","ain-si","ainsi","5-si","469.46","5","5si","3"
"167","167","car","car","kaR","469.32","3","kaR","3"
"168","168","pla-ce","place","pla-s°","468.58","5","plas°","5"
"169","169","ren-dre","rendre","R@-dR°","468.11","6","R@dR°","5"
"170","170","ré-pon-dre","répondre","Re-p&-dR°","466.76","8","Rep&dR°","7"
"171","171","pres-que","presque","pRes-k°","465.54","7","pResk°","6"
"172","172","a-ppe-ler","appeler","a-p°-le","465.34","7","ap°le","5"
"173","173","a-rrê-ter","arrêter","a-Re-te","462.5","7","aRete","5"
"174","174","beau-coup","beaucoup","bo-ku","461.42","8","boku","4"
"175","175","vi-vre","vivre","vi-vR°","460.34","5","vivR°","5"
"176","176","eau","eau","o","459.86","3","o","1"
"177","177","te-rre","terre","te-R°","452.91","5","teR°","4"
"178","178","mort","mort","moR","452.7","4","moR","3"
"179","179","loin","loin","lw5","452.36","4","lw5","3"
"180","180","toi","toi","twa","450.34","3","twa","3"
"181","181","pen-dant","pendant","p@-d@","450.14","7","p@d@","4"
"182","182","cher-cher","chercher","SeR-Se","448.99","8","SeRSe","5"
"183","183","pa-raî-tre","paraître","pa-Re-tR°","448.11","8","paRetR°","7"
"184","184","donc","donc","d&k","445.88","4","d&k","3"
"185","185","long","long","l&","444.86","4","l&","2"
"186","186","tom-ber","tomber","t&-be","441.42","6","t&be","4"
"187","187","en-fin","enfin","@-f5","440.27","5","@f5","3"
"188","188","tant","tant","t@","436.42","4","t@","2"
"189","189","vrai","vrai","vRe","430.07","4","vRe","3"
"190","190","vo-tre","votre","vo-tR°","427.91","5","votR°","5"
"191","191","vo-tre","votre","vo-tR°","427.91","5","votR°","5"
"192","192","leur","leur","l2R","427.5","4","l2R","3"
"193","193","re-gard","regard","R°-gaR","423.18","6","R°gaR","5"
"194","194","co-mmen-cer","commencer","ko-m@-se","421.89","9","kom@se","6"
"195","195","a-ssez","assez","a-se","420.14","5","ase","3"
"196","196","fi-nir","finir","fi-niR","417.97","5","finiR","5"
"197","197","re-trou-ver","retrouver","R°-tRu-ve","416.22","9","R°tRuve","7"
"198","198","cham-bre","chambre","S@-bR°","413.31","7","S@bR°","5"
"200","200","sur","sur","syR","412.97","3","syR","3"
"199","199","sur","sur","syR","412.97","3","syR","3"
"201","201","gens","gens","Z@","409.39","4","Z@","2"
"202","202","po-ser","poser","po-ze","409.05","5","poze","4"
"203","203","mon-ter","monter","m&-te","404.59","6","m&te","4"
"204","204","a-mour","amour","a-muR","403.92","5","amuR","4"
"205","205","coeur","coeur","k2R","400.74","5","k2R","3"
"206","206","pei-ne","peine","pe-n°","399.53","5","pen°","4"
"207","207","mieux","mieux","mj2","398.38","5","mi2","3"
"208","208","en-trer","entrer","@-tRe","398.38","6","@tRe","4"
"209","209","bout","bout","bu","398.11","4","bu","2"
"210","210","seu-le-ment","seulement","s2-l°-m@","397.97","9","s2l°m@","6"
"211","211","ma-tin","matin","ma-t5","396.76","5","mat5","4"
"212","212","ma-tin","matin","ma-t5","396.76","5","mat5","4"
"213","213","dieu","dieu","dj2","396.49","4","di2","3"
"214","214","a-sseoir","asseoir","a-swaR","395.27","7","aswaR","5"
"215","215","nom","nom","n&","395.0","3","n&","2"
"216","216","mou-rir","mourir","mu-RiR","391.08","6","muRiR","5"
"217","217","ti-rer","tirer","ti-Re","383.24","5","tiRe","4"
"218","218","quoi","quoi","kwa","380.07","4","kwa","3"
"219","219","ta-ble","table","ta-bl°","379.8","5","tabl°","5"
"220","220","per-dre","perdre","peR-dR°","377.36","6","peRdR°","6"
"221","221","tour-ner","tourner","tuR-ne","377.09","7","tuRne","5"
"222","222","fond","fond","f&","376.15","4","f&","2"
"223","223","pour-tant","pourtant","puR-t@","375.68","8","puRt@","5"
"224","224","a-nnée","année","a-ne","375.54","5","ane","3"
"225","225","au-tres","autres","o-tR°","375.14","6","otR°","4"
"226","226","co-mme","comme","ko-m°","365.68","5","kom°","4"
"227","227","au-tour","autour","o-tuR","361.55","6","otuR","4"
"228","228","his-toi-re","histoire","is-twa-R°","359.53","8","istwaR°","7"
"229","229","gue-rre","guerre","ge-R°","354.59","6","geR°","4"
"230","230","a-mi","ami","a-mi","354.12","3","ami","3"
"231","231","vi-lle","ville","vi-l°","352.97","5","vil°","4"
"232","232","vi-te","vite","vi-t°","351.89","4","vit°","4"
"233","233","dou-te","doute","du-t°","350.07","5","dut°","4"
"234","234","mal","mal","mal","349.46","3","mal","3"
"235","235","a-illeurs","ailleurs","a-j2R","346.35","8","aj2R","4"
"236","236","tard","tard","taR","344.26","4","taR","3"
"237","237","é-cri-re","écrire","e-kRi-R°","341.82","6","ekRiR°","6"
"238","238","ins-tant","instant","5s-t@","340.2","7","5st@","4"
"239","239","re-pren-dre","reprendre","R°-pR@-dR°","340.14","9","R°pR@dR°","8"
"240","240","lit","lit","li","338.18","3","li","2"
"241","241","jou-er","jouer","Zu-e","337.23","5","Zue","3"
"242","242","je-ter","jeter","Z°-te","336.82","5","Z°te","4"
"243","243","long-temps","longtemps","l&-t@","335.54","9","l&t@","4"
"244","244","so-leil","soleil","so-lej","334.39","6","solej","5"
"245","245","voi-la","voila","vwa-la","329.12","5","vwala","5"
"246","246","ques-tion","question","kes-tj&","328.45","8","kesti&","6"
"247","247","i-dée","idée","i-de","328.45","4","ide","3"
"248","248","mar-cher","marcher","maR-Se","325.61","7","maRSe","5"
"249","249","si-len-ce","silence","si-l@-s°","325.54","7","sil@s°","6"
"250","250","mon-sieur","monsieur","m°-sj2","324.86","8","m°si2","5"
"251","251","li-re","lire","li-R°","324.8","4","liR°","4"
"252","252","ri-re","rire","Ri-R°","320.54","4","RiR°","4"
"253","253","part","part","paR","320.41","4","paR","3"
"254","254","ce-lui","celui","s°-l8i","319.19","5","s°lyi","5"
"255","255","qui-tter","quitter","ki-te","318.72","7","kite","4"
"256","256","mur","mur","myR","317.77","3","myR","3"
"257","257","mur","mur","myR","317.77","3","myR","3"
"258","258","é-cou-ter","écouter","e-ku-te","314.05","7","ekute","5"
"259","259","per-so-nne","personne","peR-so-n°","312.16","8","peRson°","7"
"260","260","peur","peur","p2R","311.69","4","p2R","3"
"261","261","ton","ton","t&","310.47","3","t&","2"
"262","262","ceux","ceux","s2","309.86","4","s2","2"
"263","263","rai-son","raison","Re-z&","308.78","6","Rez&","4"
"264","264","tour","tour","tuR","308.72","4","tuR","3"
"265","265","sor-te","sorte","soR-t°","307.16","5","soRt°","5"
"266","266","ciel","ciel","sjel","305.2","4","siel","4"
"267","267","mois","mois","mwa","304.86","4","mwa","3"
"268","268","des-cen-dre","descendre","de-s@-dR°","301.62","9","des@dR°","7"
"269","269","bois","bois","bwa","299.46","4","bwa","3"
"270","270","ce-lle","celle","se-l°","299.46","5","sel°","4"
"271","271","fran-çais","français","fR@-se","298.85","8","fR@se","5"
"272","272","ah","ah","a","297.16","2","a","1"
"273","273","e-ssa-yer","essayer","e-se-je","296.69","7","eseje","5"
"274","274","nou-veau","nouveau","nu-vo","292.43","7","nuvo","4"
"275","275","sur-tout","surtout","syR-tu","291.49","7","syRtu","5"
"276","276","re-tour-ner","retourner","R°-tuR-ne","290.88","9","R°tuRne","7"
"277","277","pou-sser","pousser","pu-se","288.92","7","puse","4"
"278","278","é-pau-le","épaule","e-po-l°","288.72","6","epol°","5"
"279","279","train","train","tR5","288.65","5","tR5","3"
"280","280","rou-te","route","Ru-t°","288.04","5","Rut°","4"
"281","281","par-fois","parfois","paR-fwa","287.36","7","paRfwa","6"
"282","282","sou-vent","souvent","su-v@","286.96","7","suv@","4"
"283","283","ou-bli-er","oublier","u-bli-je","286.96","7","ublie","6"
"284","284","a-ppren-dre","apprendre","a-pR@-dR°","286.69","9","apR@dR°","7"
"285","285","li-vre","livre","li-vR°","286.49","5","livR°","5"
"286","286","ser-vir","servir","seR-viR","286.22","6","seRviR","6"
"287","287","près","près","pRe","285.41","4","pRe","3"
"288","288","bou-che","bouche","bu-S°","283.45","6","buS°","4"
"289","289","voi-tu-re","voiture","vwa-ty-R°","283.11","7","vwatyR°","7"
"290","290","con-ti-nu-er","continuer","k&-ti-ny-e","282.77","9","k&tinye","7"
"291","291","qua-tre","quatre","ka-tR°","282.64","6","katR°","5"
"292","292","bruit","bruit","bR8i","281.49","5","bRyi","4"
"293","293","plu-tot","plutot","ply-to","280.74","6","plyto","5"
"294","294","fe-nê-tre","fenêtre","f°-ne-tR°","280.2","7","f°netR°","7"
"295","295","ren-trer","rentrer","R@-tRe","279.93","7","R@tRe","5"
"296","296","fa-çon","façon","fa-s&","277.3","5","fas&","4"
"297","297","mon-trer","montrer","m&-tRe","276.55","7","m&tRe","5"
"298","298","piè-ce","pièce","pje-s°","276.35","5","pies°","5"
"299","299","sui-te","suite","s8i-t°","275.81","5","syit°","5"
"300","300","dès","dès","de","275.07","3","de","2"
"301","301","fa-mi-lle","famille","fa-mi-j°","274.39","7","famij°","6"
"303","303","boi-re","boire","bwa-R°","274.32","5","bwaR°","5"
"302","302","vrai-ment","vraiment","vRe-m@","274.32","8","vRem@","5"
"304","304","lu-miè-re","lumière","ly-mje-R°","274.26","7","lymieR°","7"
"305","305","ges-te","geste","Zes-t°","271.08","5","Zest°","5"
"306","306","fa-ce","face","fa-s°","270.88","4","fas°","4"
"307","307","che-veu","cheveu","S°-v2","270.68","6","S°v2","4"
"308","308","lieu","lieu","lj2","267.57","4","li2","3"
"309","309","be-soin","besoin","b°-zw5","266.62","6","b°zw5","5"
"310","310","quel","quel","kel","265.34","4","kel","3"
"311","311","tra-vail","travail","tRa-vaj","263.45","7","tRavaj","6"
"312","312","cou-rir","courir","ku-RiR","263.38","6","kuRiR","5"
"313","313","sou-ri-re","sourire","su-Ri-R°","262.91","7","suRiR°","6"
"314","314","gar-çon","garçon","gaR-s&","262.5","6","gaRs&","5"
"315","315","ra-con-ter","raconter","Ra-k&-te","261.89","8","Rak&te","6"
"316","316","dor-mir","dormir","doR-miR","259.05","6","doRmiR","6"
"317","317","en-vie","envie","@-vi","258.11","5","@vi","3"
"318","318","mer","mer","meR","257.57","3","meR","3"
"319","319","gar-der","garder","gaR-de","257.5","6","gaRde","5"
"320","320","doigt","doigt","dwa","256.15","5","dwa","3"
"321","321","mi-lieu","milieu","mi-lj2","256.08","6","mili2","5"
"322","322","le-ttre","lettre","le-tR°","256.01","6","letR°","5"
"323","323","a-ffai-re","affaire","a-fe-R°","253.38","7","afeR°","5"
"324","324","ta","ta","ta","251.69","2","ta","2"
"325","325","fils","fils","fis","247.64","4","fis","3"
"326","326","tra-vers","travers","tRa-veR","247.64","7","tRaveR","6"
"327","327","chan-ger","changer","S@-Ze","246.49","7","S@Ze","4"
"328","328","que-lle","quelle","ke-l°","244.39","6","kel°","4"
"329","329","pa-ys","pays","pe-i","241.55","4","pei","3"
"330","330","co-mment","comment","ko-m@","241.35","7","kom@","4"
"331","331","i-ma-gi-ner","imaginer","i-ma-Zi-ne","241.15","8","imaZine","7"
"332","332","au-tant","autant","o-t@","240.41","6","ot@","3"
"333","333","cri-er","crier","kRi-je","239.73","5","kRie","5"
"334","334","tous","tous","tus","238.72","4","tus","3"
"335","335","feu","feu","f2","236.15","3","f2","2"
"336","336","or-dre","ordre","oR-dR°","235.34","5","oRdR°","5"
"337","337","ex-pli-quer","expliquer","eks-pli-ke","233.92","9","eksplike","8"
"338","338","plai-sir","plaisir","ple-ziR","233.85","7","pleziR","6"
"339","339","om-bre","ombre","&-bR°","233.45","5","&bR°","4"
"340","340","a-per-ce-voir","apercevoir","a-peR-s°-vwaR","233.11","10","apeRs°vwaR","10"
"341","341","che-min","chemin","S°-m5","231.42","6","S°m5","4"
"342","342","ve-rre","verre","ve-R°","230.07","5","veR°","4"
"343","343","gli-sser","glisser","gli-se","229.32","7","glise","5"
"344","344","bord","bord","boR","228.11","4","boR","3"
"345","345","a-jou-ter","ajouter","a-Zu-te","224.66","7","aZute","5"
"346","346","re-ce-voir","recevoir","R°-s°-vwaR","224.46","8","R°s°vwaR","8"
"347","347","lè-vre","lèvre","le-vR°","222.03","5","levR°","5"
"348","348","jam-be","jambe","Z@-b°","220.95","5","Z@b°","4"
"349","349","cinq","cinq","s5k","220.61","4","s5k","3"
"350","350","vent","vent","v@","220.27","4","v@","2"
"351","351","o-ccu-per","occuper","o-ky-pe","219.8","7","okype","5"
"352","352","a-gir","agir","a-ZiR","219.73","4","aZiR","4"
"353","353","é-tat","état","e-ta","218.18","4","eta","3"
"354","354","sens","sens","s@s","217.5","4","s@s","3"
"355","355","a-ge","age","a-Z°","217.43","3","aZ°","3"
"356","356","a-ge","age","a-Z°","217.43","3","aZ°","3"
"357","357","cas","cas","ka","217.36","3","ka","2"
"358","358","frè-re","frère","fRe-R°","216.35","5","fReR°","5"
"359","359","es-prit","esprit","es-pRi","216.28","6","espRi","5"
"360","360","sa-lle","salle","sa-l°","215.81","5","sal°","4"
"361","361","sou-ve-nir","souvenir","su-v°-niR","215.41","8","suv°niR","7"
"362","362","dé-ci-der","décider","de-si-de","214.19","7","deside","6"
"363","363","o-ffrir","offrir","o-fRiR","213.99","6","ofRiR","5"
"364","364","dos","dos","do","213.99","3","do","2"
"365","365","fort","fort","foR","212.77","4","foR","3"
"366","366","po-ssi-ble","possible","po-si-bl°","211.96","8","posibl°","7"
"367","367","par-tie","partie","paR-ti","211.49","6","paRti","5"
"368","368","dix","dix","dis","209.86","3","dis","3"
"369","369","ar-bre","arbre","aR-bR°","208.58","5","aRbR°","5"
"370","370","comp-te","compte","k&-t°","208.38","6","k&t°","4"
"371","371","pro-pre","propre","pRo-pR°","207.5","6","pRopR°","6"
"372","372","se-rrer","serrer","se-Re","207.5","6","seRe","4"
"373","373","sang","sang","s@","207.3","4","s@","2"
"374","374","lor-sque","lorsque","loR-sk°","207.09","7","loRsk°","6"
"375","375","chef","chef","Sef","205.95","4","Sef","3"
"376","376","comp-ter","compter","k&-te","203.72","7","k&te","4"
"377","377","plu-sieurs","plusieurs","ply-zj2R","203.58","9","plyzi2R","7"
"378","378","ma-da-me","madame","ma-da-m°","203.45","6","madam°","6"
"379","379","pa-pier","papier","pa-pje","203.11","6","papie","5"
"380","380","tra-va-iller","travailler","tRa-va-je","202.7","10","tRavaje","7"
"381","381","re-me-ttre","remettre","R°-me-tR°","202.5","8","R°metR°","7"
"382","382","ra-ppe-ler","rappeler","Ra-p°-le","202.23","8","Rap°le","6"
"383","383","mi-nu-te","minute","mi-ny-t°","201.42","6","minyt°","6"
"384","384","tra-ver-ser","traverser","tRa-veR-se","200.81","9","tRaveRse","8"
"385","385","ré-pé-ter","répéter","Re-pe-te","200.14","7","Repete","6"
"386","386","coin","coin","kw5","199.26","4","kw5","3"
"387","387","cou-leur","couleur","ku-l2R","198.72","7","kul2R","5"
"388","388","dé-cou-vrir","découvrir","de-ku-vRiR","198.18","9","dekuvRiR","8"
"389","389","jour-nal","journal","ZuR-nal","197.7","7","ZuRnal","6"
"390","390","man-quer","manquer","m@-ke","197.64","7","m@ke","4"
"391","391","se-mai-ne","semaine","s°-me-n°","197.5","7","s°men°","6"
"392","392","cau-se","cause","ko-z°","197.3","5","koz°","4"
"393","393","fer-mer","fermer","feR-me","197.16","6","feRme","5"
"394","394","oh","oh","o","197.09","2","o","1"
"395","395","a-ppro-cher","approcher","a-pRo-Se","196.15","9","apRoSe","6"
"396","396","o-deur","odeur","o-d2R","195.68","5","od2R","4"
"397","397","a-van-cer","avancer","a-v@-se","195.0","7","av@se","5"
"398","398","o-re-ille","oreille","o-Re-j°","194.12","7","oRej°","5"
"399","399","e-ffet","effet","e-fe","192.36","5","efe","3"
"400","400","mal-gré","malgré","mal-gRe","191.55","6","malgRe","6"
"401","401","tou-cher","toucher","tu-Se","190.27","7","tuSe","4"
"402","402","au-ssi-tot","aussitot","o-si-to","189.93","8","osito","5"
"403","403","pie-rre","pierre","pje-R°","189.86","6","pieR°","5"
"404","404","i-ma-ge","image","i-ma-Z°","188.92","5","imaZ°","5"
"405","405","ren-con-trer","rencontrer","R@-k&-tRe","188.51","10","R@k&tRe","7"
"406","406","cha-cun","chacun","Sa-k5","187.84","6","Sak5","4"
"407","407","peau","peau","po","187.77","4","po","2"
"408","408","jar-din","jardin","ZaR-d5","185.81","6","ZaRd5","5"
"409","409","la-que-lle","laquelle","la-ke-l°","185.27","8","lakel°","6"
"410","410","chien","chien","Sj5","184.59","5","Si5","3"
"411","411","per-me-ttre","permettre","peR-me-tR°","184.19","9","peRmetR°","8"
"412","412","ty-pe","type","ti-p°","184.19","4","tip°","4"
"413","413","mou-ve-ment","mouvement","mu-v°-m@","182.97","9","muv°m@","6"
"414","414","cer-tain","certain","seR-t5","182.64","7","seRt5","5"
"415","415","ba-ttre","battre","ba-tR°","182.36","6","batR°","5"
"416","416","ca-cher","cacher","ka-Se","181.89","6","kaSe","4"
"417","417","ga-gner","gagner","ga-Ne","180.88","6","gaNe","4"
"418","418","vos","vos","vo","180.27","3","vo","2"
"420","420","jour-née","journée","ZuR-ne","179.39","7","ZuRne","5"
"419","419","par-tout","partout","paR-tu","179.39","7","paRtu","5"
"421","421","che-val","cheval","S°-val","179.26","6","S°val","5"
"422","422","pa-ro-le","parole","pa-Ro-l°","178.31","6","paRol°","6"
"423","423","ce-sser","cesser","se-se","177.77","6","sese","4"
"424","424","en-vo-yer","envoyer","@-vwa-je","177.64","7","@vwaje","6"
"425","425","nez","nez","ne","177.64","3","ne","2"
"426","426","ca-fé","café","ka-fe","177.3","4","kafe","4"
"427","427","cours","cours","kuR","176.76","5","kuR","3"
"428","428","for-me","forme","foR-m°","176.69","5","foRm°","5"
"429","429","eh","eh","e","176.62","2","e","1"
"430","430","va-loir","valoir","va-lwaR","175.74","6","valwaR","6"
"431","431","sac","sac","sak","174.26","3","sak","3"
"432","432","jeu","jeu","Z2","173.31","3","Z2","2"
"433","433","im-por-ter","importer","5-poR-te","173.11","8","5poRte","6"
"434","434","nou-ve-lle","nouvelle","nu-ve-l°","172.5","8","nuvel°","6"
"435","435","par-mi","parmi","paR-mi","171.96","5","paRmi","5"
"436","436","em-pê-cher","empêcher","@-pe-Se","171.28","8","@peSe","5"
"437","437","tu-er","tuer","ty-e","171.15","4","tye","3"
"438","438","bien-tot","bientot","bj5-to","169.59","7","bi5to","5"
"439","439","en-sui-te","ensuite","@-s8i-t°","169.19","7","@syit°","6"
"440","440","res-te","reste","Res-t°","168.58","5","Rest°","5"
"441","441","te-lle-ment","tellement","te-l°-m@","168.51","9","tel°m@","6"
"442","442","fra-pper","frapper","fRa-pe","168.31","7","fRape","5"
"443","443","li-bre","libre","li-bR°","167.91","5","libR°","5"
"444","444","fleur","fleur","fl2R","164.39","5","fl2R","4"
"445","445","rou-ler","rouler","Ru-le","163.45","6","Rule","4"
"446","446","pleu-rer","pleurer","pl2-Re","163.31","7","pl2Re","5"
"447","447","bo-nheur","bonheur","bo-n2R","162.36","7","bon2R","5"
"448","448","li-gne","ligne","li-N°","162.3","5","liN°","4"
"449","449","ins-ta-ller","installer","5s-ta-le","162.23","9","5stale","6"
"450","450","si-gne","signe","si-N°","161.28","5","siN°","4"
"451","451","soeur","soeur","s2R","161.01","5","s2R","3"
"452","452","re-mon-ter","remonter","R°-m&-te","160.14","8","R°m&te","6"
"453","453","su-ffi-re","suffire","sy-fi-R°","159.39","7","syfiR°","6"
"454","454","a-ppor-ter","apporter","a-poR-te","159.32","8","apoRte","6"
"455","455","a-ppa-raî-tre","apparaître","a-pa-Re-tR°","159.26","10","apaRetR°","8"
"456","456","front","front","fR&","159.12","5","fR&","3"
"457","457","ho-tel","hotel","o-tel","158.92","5","otel","4"
"458","458","de-bout","debout","d°-bu","158.85","6","d°bu","4"
"459","459","ai-der","aider","e-de","158.65","5","ede","3"
"460","460","re-tour","retour","R°-tuR","158.65","6","R°tuR","5"
"461","461","gen-re","genre","Z@-R°","157.91","5","Z@R°","4"
"462","462","ma-niè-re","manière","ma-nje-R°","157.77","7","manieR°","7"
"463","463","re-ssem-bler","ressembler","R°-s@-ble","157.5","10","R°s@ble","7"
"464","464","sen-ti-ment","sentiment","s@-ti-m@","157.3","9","s@tim@","6"
"465","465","bou-ger","bouger","bu-Ze","156.76","6","buZe","4"
"466","466","clair","clair","kleR","156.69","5","kleR","4"
"467","467","len-te-ment","lentement","l@-t°-m@","156.55","9","l@t°m@","6"
"468","468","par-ve-nir","parvenir","paR-v°-niR","156.42","8","paRv°niR","8"
"469","469","six","six","sis","156.22","3","sis","3"
"470","470","pen-cher","pencher","p@-Se","155.88","7","p@Se","4"
"471","471","o-ser","oser","o-ze","155.54","4","oze","3"
"472","472","cri","cri","kRi","155.41","3","kRi","3"
"473","473","im-pre-ssion","impression","5-pRe-sj&","155.27","10","5pResi&","7"
"474","474","vingt","vingt","v5","154.59","5","v5","2"
"475","475","ha-bi-tu-de","habitude","a-bi-ty-d°","154.46","8","abityd°","7"
"476","476","pa-ssa-ge","passage","pa-sa-Z°","154.39","7","pasaZ°","6"
"477","477","pré-pa-rer","préparer","pRe-pa-Re","154.12","8","pRepaRe","7"
"478","478","mar-che","marche","maR-S°","152.97","6","maRS°","5"
"479","479","re-fu-ser","refuser","R°-fy-ze","152.77","7","R°fyze","6"
"480","480","a-me","ame","a-m°","151.62","3","am°","3"
"481","481","pen-sée","pensée","p@-se","151.55","6","p@se","4"
"482","482","da-me","dame","da-m°","151.35","4","dam°","4"
"483","483","lé-ger","léger","le-Ze","151.01","5","leZe","4"
"484","484","sol","sol","sol","150.34","3","sol","3"
"485","485","joie","joie","Zwa","150.2","4","Zwa","3"
"486","486","pa-yer","payer","pe-je","150.2","5","peje","4"
"487","487","cour","cour","kuR","150.14","4","kuR","3"
"488","488","bu-reau","bureau","by-Ro","150.07","6","byRo","4"
"489","489","len-de-main","lendemain","l@-d°-m5","149.26","9","l@d°m5","6"
"490","490","es-ca-lier","escalier","es-ka-lje","148.85","8","eskalie","7"
"491","491","sim-ple","simple","s5-pl°","148.58","6","s5pl°","5"
"492","492","a-che-ter","acheter","a-S°-te","148.38","7","aS°te","5"
"493","493","ro-be","robe","Ro-b°","148.18","4","Rob°","4"
"494","494","e-xis-ter","exister","e-gzis-te","148.18","7","egziste","7"
"495","495","ar-mée","armée","aR-me","146.55","5","aRme","4"
"496","496","po-che","poche","po-S°","146.28","5","poS°","4"
"497","497","é-gli-se","église","e-gli-z°","145.07","6","egliz°","6"